,Bacteroidaceae,Bifidobacteriaceae,Enterobacteriaceae,Lachnospiraceae,Muribaculaceae,Oscillospiraceae,Prevotellaceae,Ruminococcaceae,Sutterellaceae,Synergistaceae,Tannerellaceae,Rest
1s1,4321,2350,152,6991,0,2773,1002,5514,132,0,452,27084
1s2,2341,6165,1130,3728,0,276,725,3320,134,0,421,4491
1s3,2658,2892,865,3619,0,245,1314,1912,508,0,615,1444
1s4,5878,414,513,2912,0,3827,1737,1859,1625,0,336,2302
1s5,5259,1094,370,2389,8,1542,459,1124,800,0,561,1624
1s7,6143,469,923,2099,39,1083,181,971,758,0,480,1290
1s8,2847,83,1760,1707,91,2192,56,948,608,0,183,1030
1s9,10363,227,4566,2860,1493,1642,75,3079,1177,0,619,1346
1s11,10448,40,2990,1206,340,469,40,1725,1049,6,726,1030
1s12,14427,47,2696,1614,893,678,63,2699,1603,55,857,1425
1s13,6752,6,4539,845,529,296,143,1464,299,101,620,702
T0s1,22936,10,15315,5345,800,1139,1309,3509,1319,933,2518,6044
T1s1,8601,5,7059,631,250,224,201,921,263,104,783,719
T2s1,12198,9,13634,789,638,191,324,992,437,236,1183,1034
T3s1,13560,6,15774,813,497,229,323,773,531,279,1226,1113
T4s1,10353,6,13232,744,565,197,273,913,397,302,996,934
T5s1,7262,0,8489,473,343,116,153,553,311,234,681,703
T6s1,11458,9,10434,607,302,123,358,735,405,169,818,825
T12s1,11458,9,10434,607,302,123,358,735,405,169,818,825
T24s1,13889,8,13644,599,576,135,306,618,473,525,1066,1089
T48s1,16375,0,18372,917,349,221,366,350,474,753,1696,1299
T72s1,11253,0,11380,1163,326,195,445,133,241,610,980,1327
T96s1,12964,0,12386,1577,306,269,609,96,226,566,895,1436
T120s1,9223,0,6461,1257,253,179,322,68,114,420,697,1211
T144s1,5593,0,4572,869,202,158,366,48,46,264,436,980
D1-1,4654,16756,1259,9211,0,290,1598,6186,1117,0,1218,10445
D2-1,5426,10458,511,8211,0,1232,3661,5841,1530,0,2133,4494
D4-1,47,0,0,0,0,0,0,9,0,0,0,0
D6-1,35773,8,0,15043,3674,2923,320,772,2335,11980,1179,3055
D8-1,17461,909,103,14566,1896,5432,112,1649,1163,26,2443,3815
D9-1,18191,484,73,15348,2320,5070,82,1270,1319,40,2076,2948
D11-1,27743,290,69,19494,4981,4632,124,1444,2684,381,2380,4348
D13-1,21227,92,17,12755,4044,2508,317,857,2773,976,1097,4283
D15-1,27332,42,12,13161,7196,2652,1616,939,3051,6987,1278,4735
D16-1,26730,37,8,12884,5202,2929,1636,827,2604,6595,1478,4451
D18-1,22181,27,7,7123,6684,2686,1863,803,1756,7783,1073,4823
T0-1,31879,31,0,14051,3456,2841,225,769,1926,9880,990,4534
T1-1,25080,38,2,9001,8103,3472,2493,938,1717,7889,1263,10939
T2-1,36370,16,8,13683,3542,3143,273,800,2437,11334,1284,2967
T3-1,28427,69,4,11488,10309,4007,3014,984,2072,8556,1832,12475
T4-1,13040,2892,314,8738,129,4653,62,5423,1010,0,2235,2159
T5-1,24562,15,0,5063,8164,3007,2443,649,2235,7560,1499,6680
T6-1,33339,8,8,8143,9075,3900,3085,1034,3009,8529,2113,9051
T12-1,26133,13,12,6007,11250,3244,3075,756,2936,7718,1773,8766
T24-1,25558,15,10,5397,11615,2466,3298,724,3537,6859,1928,8480
T48-1,20091,8,28,6494,12640,1924,2978,445,2332,5411,1348,5251
T72-1,23569,6,33,10629,10442,1465,2315,973,2225,5203,1334,4359
T96-1,25429,0,14,12332,8464,1293,1662,2734,2505,4665,1284,3964
T120-1,31597,0,17,15485,8802,1797,1721,5333,3116,5113,1743,5904
T144-1,89,0,5,167,73,16,7,155,13,29,0,49
2s1,3698,2402,142,7377,0,2725,1091,5825,135,0,513,27986
2s2,5816,3823,3311,2472,0,171,207,1601,74,0,441,3390
2s3,6444,2674,1888,2201,0,38,210,839,714,0,600,922
2s4,6444,2674,1888,2201,0,38,210,839,714,0,600,922
2s5,12481,38,648,1571,0,0,0,0,1244,0,47,6145
2s7,12481,38,648,1571,0,0,0,0,1244,0,47,6145
2s8,9997,14,1137,2876,0,0,0,0,1255,0,111,4794
2s9,20902,10,1255,1938,0,4,0,0,1713,0,206,1298
2s11,21043,0,3516,1487,0,20,0,0,1062,0,397,1806
2s12,21938,0,2539,1426,0,32,0,2,1007,0,274,1819
2s13,7783,0,3929,1043,0,55,0,4,320,0,1322,784
T0s2,4028,0,4038,724,0,20,0,3,113,0,900,564
T1s2,10127,0,11360,785,0,104,0,0,336,0,2022,1244
T2s2,12461,0,13606,604,0,67,0,0,461,0,2599,1381
T3s2,13296,0,16564,747,0,114,0,0,467,0,2226,905
T4s2,9586,0,11861,558,0,79,0,0,350,0,1949,1059
T5s2,12913,0,15684,664,0,72,0,0,461,0,2572,1552
T6s2,10432,0,11899,513,0,77,0,0,385,0,1997,1329
T12s2,15830,0,18651,615,0,91,0,0,669,0,2586,1432
T24s2,9114,0,11430,346,0,45,0,0,368,0,1476,1393
T48s2,11095,0,15643,1133,0,110,0,0,489,0,913,1634
T72s2,11095,0,15643,1133,0,110,0,0,489,0,913,1634
T96s2,15348,0,15587,1768,0,267,0,0,449,0,519,1866
T120s2,10290,0,7484,1125,0,133,0,11,261,0,491,2178
T144s2,5735,0,4611,949,0,124,0,0,186,0,775,1288
D1-2,3655,12642,1340,7919,0,212,681,3592,338,0,772,9063
D2-2,6961,8621,819,8693,0,1288,1339,6828,1167,0,2013,4340
D4-2,11724,1893,319,8698,0,1608,0,7314,1605,0,2420,2873
D6-2,17380,954,377,15427,0,1209,3,10236,1810,0,2309,4723
D8-2,15154,390,1566,11610,0,1326,0,2432,4347,7,3673,8607
D9-2,10266,206,818,11028,13,1006,0,2581,4069,21,4341,6879
D11-2,10875,76,635,11525,6,1250,0,5163,3584,98,7197,5169
D13-2,23467,65,452,14738,3,1535,0,4963,3955,830,7470,6442
D15-2,28840,27,146,14292,0,1324,139,4161,3104,5939,3585,6173
D16-2,26712,13,76,11462,0,1032,993,3167,2477,7502,2452,3943
D18-2,21193,6,45,9988,0,1229,8752,1641,1500,8467,956,3758
T0-2,23414,0,21,9869,0,1235,10859,894,1422,8339,701,3229
T1-2,22445,18,18,10950,0,1114,12855,1228,1637,8805,838,7320
T2-2,25558,27,26,11663,0,1282,13929,1386,1789,9570,806,7253
T3-2,23062,13,16,11531,0,1132,12441,1109,1748,8927,795,6931
T4-2,29869,0,21,9590,0,1324,15787,1651,2654,11204,1108,4665
T5-2,23205,0,12,7162,0,940,12553,1196,2010,9390,811,3511
T6-2,21473,0,18,5707,0,913,12411,1117,2124,9115,731,3367
T12-2,21357,0,23,6346,0,938,13341,1232,2331,9623,716,3370
T24-2,24532,7,48,7521,0,1032,19822,1528,2974,11856,646,5227
T48-2,14903,4,65,8015,0,563,22125,1449,1362,7387,316,4336
T72-2,13004,0,83,10880,0,538,24843,1699,1116,6300,342,5079
T96-2,14261,0,109,10526,0,680,21951,2122,1153,4995,552,5356
T120-2,15084,0,108,9648,3,682,18115,2696,1150,4447,738,5531
T144-2,221,0,0,213,0,0,462,56,10,82,0,60
3s1,1088,768,38,2417,0,719,310,1799,29,0,141,9789
3s2,3876,6071,1209,3800,0,261,399,2585,91,0,437,4752
3s3,4126,3001,883,3099,0,225,532,1398,258,0,459,1169
3s4,6553,501,314,2893,7,5244,1364,960,977,0,388,1769
3s5,13585,3150,831,6456,59,5278,899,1356,1868,0,1315,4990
3s7,8733,834,277,2840,72,1673,249,552,1075,0,659,2424
3s8,5157,129,148,3115,145,3643,89,1063,1224,0,399,2039
3s9,24104,375,980,6602,1827,2482,143,4176,3717,116,1791,5720
3s11,24104,375,980,6602,1827,2482,143,4176,3717,116,1791,5720
3s12,11815,33,894,1245,837,547,28,3093,1470,510,581,1669
3s13,6805,5,3288,783,484,198,44,1584,294,79,611,706
T0s3,16137,2,10209,2038,260,370,38,2602,459,42,1384,1975
T1s3,28426,6,22753,3878,1027,523,3180,3649,848,128,2434,5376
T2s3,16852,5,13461,803,483,95,89,837,333,65,977,1290
T3s3,13019,3,13101,665,36,110,99,887,357,90,1028,1290
T4s3,11624,5,10742,680,191,84,85,652,272,80,772,1267
T5s3,16814,8,15823,847,607,144,103,1031,467,66,1051,1524
T6s3,12809,0,10876,600,300,73,79,507,378,60,751,1127
T12s3,15433,8,13881,610,177,59,89,563,440,69,709,1460
T24s3,12879,0,12524,451,338,57,92,485,354,49,424,1106
T48s3,14300,0,11936,809,214,139,57,240,269,24,442,1890
T72s3,14990,0,15825,1315,179,224,121,205,280,29,904,2180
T96s3,14786,2,16734,1742,360,180,174,180,263,22,1219,2968
T120s3,9911,0,10995,1308,472,125,113,149,200,6,968,2184
T144s3,5884,0,5148,923,149,76,63,44,127,4,661,1525
D1-3,4536,14226,1764,8347,0,154,1367,3188,777,0,1035,11038
D2-3,8212,9662,935,9797,0,1113,1410,6673,1595,0,2219,5136
D4-3,16305,4223,555,9989,6,3612,625,13375,2259,0,2627,3595
T0-3-2,10684,1482,181,6449,91,3075,155,3798,785,5,1309,1677
D8-3,15672,832,148,12443,979,4943,68,1361,381,0,1434,2238
D9-3,20034,702,150,13304,2284,4829,88,1128,651,0,1668,2127
D11-3,18076,313,73,12032,4485,2849,78,775,1442,37,1084,2744
D13-3,10402,86,24,6068,3236,1329,96,472,1569,89,512,2072
D15-3,17597,41,20,11308,6146,2435,1235,801,2709,1599,1229,4263
D16-3,15517,36,11,9266,4690,1939,1196,522,2520,3386,1029,3311
D18-3,12003,10,7,6029,2434,1314,1089,446,1501,5637,877,3486
T0-3,12959,8,0,6598,2409,1425,1289,395,1382,5690,1137,3230
T1-3,20305,45,5,10638,4074,2054,2129,593,1971,6776,1615,9034
T2-3,21869,0,2,9131,2221,2025,140,496,1534,6681,810,1940
T3-3,21011,25,0,11045,4463,2148,2441,643,2045,7445,1732,9019
T4-3,20014,11,10,7508,3722,1790,2255,547,2325,5599,2099,5643
T5-3,19792,8,6,6876,4191,1649,2287,517,2725,7222,1908,5622
T6-3,13670,8,2,4764,2952,1131,1550,316,1752,5051,1308,3838
T12-3,19937,9,10,6355,4886,1444,2497,492,3178,7128,2117,5508
T24-3,24023,16,22,7812,6276,1599,3375,614,3966,7513,2994,7595
T48-3,20049,4,29,7578,6375,2587,2536,332,2389,5580,2038,5012
T72-3,21912,5,19,10464,4470,1844,2240,376,2404,5937,1696,5298
T96-3,23731,0,14,8811,2634,2161,1231,321,2259,5958,1477,4579
T120-3,17512,5,8,6087,1354,1881,592,241,1768,5062,982,3128
T144-3,416,0,0,331,21,100,6,2,25,485,5,111
4s1,1624,923,69,3441,0,1046,625,2553,34,0,238,13547
4s2,3478,5019,1689,3059,0,206,470,2256,92,0,445,3646
4s3,10398,7408,3279,9682,0,1169,2162,4941,2076,0,1592,3413
4s4,3139,188,230,1691,0,1804,78,1280,633,0,170,791
4s5,5142,671,250,1910,0,951,64,1294,572,0,581,1259
4s7,7837,461,196,2204,13,1092,60,1606,795,0,650,1544
4s8,4057,43,108,2823,32,2969,16,1708,630,0,421,667
4s9,17053,157,3516,3228,594,1133,21,3909,2246,0,1110,3992
4s11,13012,24,5792,941,609,311,3,2629,857,0,644,1983
4s12,12963,27,4231,1210,982,377,7,3212,1052,8,612,2825
4s13,9647,5,4628,1417,875,308,124,2124,607,42,1369,4086
T0s4,4368,0,3323,549,241,97,847,928,147,12,506,1572
T1s4,25883,12,21978,3084,912,536,2380,3204,834,179,2336,4510
T2s4,11616,6,10499,1376,573,179,2720,1727,345,37,1184,3291
T3s4,10319,0,7684,1012,366,132,2538,1242,302,47,767,2630
T4s4,10788,0,9392,1095,387,171,2718,1354,310,35,915,2675
T5s4,7856,0,7215,981,480,132,2359,1228,208,19,772,2459
T6s4,10178,0,8875,1024,254,151,1676,1355,318,14,983,2147
T12s4,10939,0,7875,965,279,129,1602,1037,257,26,705,2638
T24s4,11643,0,11975,2615,771,310,3814,1982,402,42,1016,3728
T48s4,7514,0,6287,999,337,152,3191,885,231,88,931,2711
T72s4,7848,0,8139,1236,158,200,4723,678,245,101,1100,3275
T96s4,3822,0,5254,800,114,105,6043,348,118,35,556,2118
T120s4,3373,0,5087,1028,154,123,6549,349,140,21,591,2401
T144s4,3131,0,3998,1053,173,141,6815,301,147,13,704,2343
D1-4,4178,19919,1845,9244,0,296,944,6074,378,0,1018,9474
D2-4,7615,14192,1077,10088,0,1620,2100,6957,1552,0,2359,5092
D4-4,10183,5338,566,7244,18,2840,321,8458,1545,0,2078,2751
D6-4,8868,2062,147,4439,89,3327,79,3656,754,0,1514,1376
D8-4,21186,1211,270,16246,97,5934,33,1068,1360,24,2412,3413
D11-4,20567,267,83,14132,32,2873,152,671,2936,533,1829,3239
D13-4,13225,68,33,4768,139,1892,90,393,1999,2652,946,2249
D15-4,21784,63,32,12686,3272,3291,445,691,2635,10013,1696,2943
D16-4,23212,55,21,11639,2817,2719,434,603,2477,9688,1490,2541
D18-4,18521,15,4,4452,1782,1880,90,490,1599,6958,700,2277
T0-4,22500,7,7,5711,2370,2067,172,517,1628,7141,842,1948
T1-4,31431,34,5,15022,3712,3199,246,769,2035,9854,1019,5053
T2-4,22375,24,4,6936,2760,2026,173,510,1351,7151,709,3208
T3-4,30180,31,0,14395,3555,3056,279,605,1797,10276,930,4438
T4-4,28321,0,5,7488,3147,2428,268,614,1956,9462,1014,2391
T5-4,30967,8,0,10068,3687,2624,205,673,1942,10224,1056,2657
T6-4,94,0,0,78,13,5,0,0,3,52,0,60
T12-4,34256,11,0,14580,4762,3194,342,683,2336,11926,1249,3190
T24-4,34746,8,0,15131,4749,3233,457,791,2544,11154,1200,3426
T48-4,27826,9,0,10750,5351,2767,644,378,2067,9907,980,3506
T72-4,29723,0,6,14317,7657,2995,1117,279,2304,11436,972,4909
T96-4,24612,5,0,12841,6725,2583,1091,191,2157,8269,706,4416
T120-4,245,0,0,358,299,21,15,2,45,585,0,107
T144-4,86,0,0,64,16,0,5,0,11,68,2,63
C4,32,5149,0,4336,0,438,218,2243,0,0,16,3002
C5,36,3943,0,3144,0,224,171,1708,0,0,0,1946
C6,108,2721,0,2448,0,457,279,1583,0,0,41,2571
C7,136,3728,2,3028,0,618,374,2217,28,0,18,4207
